,url
1,https://www.conqueryourexam.com/best-economics-textbooks/
3,https://tophat.com/blog/economics-textbook/
10,https://www.topuniversities.com/courses/economics-econometrics/7-books-read-if-youre-economics-student
13,https://www.econguru.com/the-best-economics-textbooks-for-serious-students/
16,https://www.campuscareerclub.com/best-economics-books-for-beginners/
20,https://www.thereadinglists.com/best-economics-books-for-beginners/
21,https://www.learn4good.com/bookstore/economics_books_cds.htm
+27,https://www.econlib.org/introduction-to-economics-best-books/
29,http://econphd.econwiki.com/books.htm
31,https://www.thoughtco.com/graduate-economics-reading-list-1146329
32,https://www.cengage.com/discipline-economics/
34,http://www.abg-analytics.com/economics-books.shtml
43,https://www.independent.co.uk/extras/indybest/books/non-fiction-books/best-economics-books-a7487521.html
46,http://services.cambridge.org/us/academic/subjects/economics/
53,https://www.intelligenteconomist.com/best-economics-books/
56,https://foxytrades.com/best-economics-books/
60,http://www.listmuse.com/100-best-economics-books-time.php
65,https://www.freebookcentre.net/Business/Economics-Books.html
66,https://www.economist.com/buttonwoods-notebook/2018/04/25/the-best-books-on-finance-and-economics
73,https://inomics.com/insight/top-10-best-economics-books-812929
75,https://programs.online.american.edu/econ/masters-economics/resources/economics-reading-list-for-aspiring-economists